sample	peptide	modified_sequence	retention_time	ion	light_area	heavy_area	n15_area	flag	id
QQ180510_PrP_Exp13_C0A_01	PIIHFGSDYEDR	PIIHFGSDYEDR	35.04	y4	3903614	967865	16765		C0A
QQ180510_PrP_Exp13_C0B_02	PIIHFGSDYEDR	PIIHFGSDYEDR	34.95	y4	2646056	895787	16694		C0B
QQ180510_PrP_Exp13_C1A_01	PIIHFGSDYEDR	PIIHFGSDYEDR	35.04	y4	2967333	808779	19654		C1A
QQ180510_PrP_Exp13_C1B_02	PIIHFGSDYEDR	PIIHFGSDYEDR	34.99	y4	3631009	917807	14791		C1B
QQ180510_PrP_Exp13_C2A_01	PIIHFGSDYEDR	PIIHFGSDYEDR	35.19	y4	2482169	680673	13616		C2A
QQ180510_PrP_Exp13_C2B_02	PIIHFGSDYEDR	PIIHFGSDYEDR	35.04	y4	4094391	970642	16828		C2B
QQ180510_PrP_Exp13_C3A_01	PIIHFGSDYEDR	PIIHFGSDYEDR	35.24	y4	3693513	947033	17938		C3A
QQ180510_PrP_Exp13_C3B_02	PIIHFGSDYEDR	PIIHFGSDYEDR	35.1	y4	4397308	1079486	5681		C3B
QQ180510_PrP_Exp13_N0A_01	PIIHFGSDYEDR	PIIHFGSDYEDR	35.29	y4	1491534	831337	9952		N0A
QQ180510_PrP_Exp13_N0B_02	PIIHFGSDYEDR	PIIHFGSDYEDR	35.23	y4	1747683	658629	13075		N0B
QQ180510_PrP_Exp13_N1A_01	PIIHFGSDYEDR	PIIHFGSDYEDR	35.31	y4	1469763	602693	16016		N1A
QQ180510_PrP_Exp13_N1B_02	PIIHFGSDYEDR	PIIHFGSDYEDR	35.45	y4	1064767	717342	10245		N1B
QQ180510_PrP_Exp13_N2A_01	PIIHFGSDYEDR	PIIHFGSDYEDR	35.39	y4	1682360	687606	15856		N2A
QQ180510_PrP_Exp13_N2B_02	PIIHFGSDYEDR	PIIHFGSDYEDR	35.66	y4	1258362	492687	280		N2B
QQ180510_PrP_Exp13_N3A_01	PIIHFGSDYEDR	PIIHFGSDYEDR	35.28	y4	1543997	676987	12759		N3A
QQ180510_PrP_Exp13_N3B_02	PIIHFGSDYEDR	PIIHFGSDYEDR	35.09	y4	2265701	980365	25045		N3B
QQ180510_PrP_Exp13_C0A_01	RPKPGGWNTGGSR	RPKPGGWNTGGSR	16.46	y4	271047	2586045	602		C0A
QQ180510_PrP_Exp13_C0B_02	RPKPGGWNTGGSR	RPKPGGWNTGGSR	16.61	y4	220858	2225667	882		C0B
QQ180510_PrP_Exp13_C1A_01	RPKPGGWNTGGSR	RPKPGGWNTGGSR	16.46	y4	190991	1868497	821		C1A
QQ180510_PrP_Exp13_C1B_02	RPKPGGWNTGGSR	RPKPGGWNTGGSR	16.19	y4	214563	2105211	265		C1B
QQ180510_PrP_Exp13_C2A_01	RPKPGGWNTGGSR	RPKPGGWNTGGSR	16.39	y4	173398	1903726	135		C2A
QQ180510_PrP_Exp13_C2B_02	RPKPGGWNTGGSR	RPKPGGWNTGGSR	16.48	y4	267674	2841067	1756		C2B
QQ180510_PrP_Exp13_C3A_01	RPKPGGWNTGGSR	RPKPGGWNTGGSR	16.73	y4	245147	2432557	1664		C3A
QQ180510_PrP_Exp13_C3B_02	RPKPGGWNTGGSR	RPKPGGWNTGGSR	16.53	y4	199824	2410313	82		C3B
QQ180510_PrP_Exp13_N0A_01	RPKPGGWNTGGSR	RPKPGGWNTGGSR	16.87	y4	147350	2255952	1264		N0A
QQ180510_PrP_Exp13_N0B_02	RPKPGGWNTGGSR	RPKPGGWNTGGSR	16.68	y4	146221	2264285	2342		N0B
QQ180510_PrP_Exp13_N1A_01	RPKPGGWNTGGSR	RPKPGGWNTGGSR	17.04	y4	126400	2302617	2855		N1A
QQ180510_PrP_Exp13_N1B_02	RPKPGGWNTGGSR	RPKPGGWNTGGSR	17.22	y4	63910	1577630	2842		N1B
QQ180510_PrP_Exp13_N2A_01	RPKPGGWNTGGSR	RPKPGGWNTGGSR	17.18	y4	77975	2249129	3967		N2A
QQ180510_PrP_Exp13_N2B_02	RPKPGGWNTGGSR	RPKPGGWNTGGSR	17.17	y4	47229	1431597	2622		N2B
QQ180510_PrP_Exp13_N3A_01	RPKPGGWNTGGSR	RPKPGGWNTGGSR	16.97	y4	107194	3150060	3575		N3A
QQ180510_PrP_Exp13_N3B_02	RPKPGGWNTGGSR	RPKPGGWNTGGSR	16.52	y4	195970	3572355	1783		N3B
QQ180510_PrP_Exp13_C0A_01	YPGQGSPGGNR	YPGQGSPGGNR	17.65	y5	1055424	1275799	2167		C0A
QQ180510_PrP_Exp13_C0B_02	YPGQGSPGGNR	YPGQGSPGGNR	17.9	y5	835041	1223075	5753		C0B
QQ180510_PrP_Exp13_C1A_01	YPGQGSPGGNR	YPGQGSPGGNR	17.62	y5	868974	1177133	781		C1A
QQ180510_PrP_Exp13_C1B_02	YPGQGSPGGNR	YPGQGSPGGNR	17.72	y5	1017851	1215606	2454		C1B
QQ180510_PrP_Exp13_C2A_01	YPGQGSPGGNR	YPGQGSPGGNR	17.97	y5	1021663	1355504	2250		C2A
QQ180510_PrP_Exp13_C2B_02	YPGQGSPGGNR	YPGQGSPGGNR	17.62	y5	1182840	1493950	4256		C2B
QQ180510_PrP_Exp13_C3A_01	YPGQGSPGGNR	YPGQGSPGGNR	17.93	y5	1162458	1418109	3533		C3A
QQ180510_PrP_Exp13_C3B_02	YPGQGSPGGNR	YPGQGSPGGNR	17.8	y5	1028889	1262471	420		C3B
QQ180510_PrP_Exp13_N0A_01	YPGQGSPGGNR	YPGQGSPGGNR	18.13	y5	481583	1223590	5784		N0A
QQ180510_PrP_Exp13_N0B_02	YPGQGSPGGNR	YPGQGSPGGNR	17.82	y5	657453	1299339	3454		N0B
QQ180510_PrP_Exp13_N1A_01	YPGQGSPGGNR	YPGQGSPGGNR	18.13	y5	563723	1629123	6021		N1A
QQ180510_PrP_Exp13_N1B_02	YPGQGSPGGNR	YPGQGSPGGNR	18.38	y5	380241	1381171	6349		N1B
QQ180510_PrP_Exp13_N2A_01	YPGQGSPGGNR	YPGQGSPGGNR	18.29	y5	457024	1617452	4053		N2A
QQ180510_PrP_Exp13_N2B_02	YPGQGSPGGNR	YPGQGSPGGNR	18.26	y5	387800	1235879	4254		N2B
QQ180510_PrP_Exp13_N3A_01	YPGQGSPGGNR	YPGQGSPGGNR	18.05	y5	342801	1449453	4709		N3A
QQ180510_PrP_Exp13_N3B_02	YPGQGSPGGNR	YPGQGSPGGNR	17.6	y5	349748	1497357	8776		N3B
QQ180510_PrP_Exp13_C0A_01	GENFTETDVK	GENFTETDVK	25.61	y6	1299851	2283129	2583		C0A
QQ180510_PrP_Exp13_C0B_02	GENFTETDVK	GENFTETDVK	25.7	y6	1192717	2492856	902		C0B
QQ180510_PrP_Exp13_C1A_01	GENFTETDVK	GENFTETDVK	25.68	y6	1071989	1991118	1885		C1A
QQ180510_PrP_Exp13_C1B_02	GENFTETDVK	GENFTETDVK	25.58	y6	1425821	2458915	2150		C1B
QQ180510_PrP_Exp13_C2A_01	GENFTETDVK	GENFTETDVK	25.78	y6	1119497	2019475	1287		C2A
QQ180510_PrP_Exp13_C2B_02	GENFTETDVK	GENFTETDVK	25.67	y6	1761522	2905790	1506		C2B
QQ180510_PrP_Exp13_C3A_01	GENFTETDVK	GENFTETDVK	25.87	y6	1389669	2367425	2969		C3A
QQ180510_PrP_Exp13_C3B_02	GENFTETDVK	GENFTETDVK	25.72	y6	1596230	2769467	1718		C3B
QQ180510_PrP_Exp13_N0A_01	GENFTETDVK	GENFTETDVK	25.94	y6	667348	2292669	3208		N0A
QQ180510_PrP_Exp13_N0B_02	GENFTETDVK	GENFTETDVK	25.84	y6	801511	2305732	1666		N0B
QQ180510_PrP_Exp13_N1A_01	GENFTETDVK	GENFTETDVK	25.97	y6	794136	2245507	1076		N1A
QQ180510_PrP_Exp13_N1B_02	GENFTETDVK	GENFTETDVK	26.3	y6	637557	2555974	384		N1B
QQ180510_PrP_Exp13_N2A_01	GENFTETDVK	GENFTETDVK	26.05	y6	846072	2306959	1115		N2A
QQ180510_PrP_Exp13_N2B_02	GENFTETDVK	GENFTETDVK	26.4	y6	744912	2045302	2057		N2B
QQ180510_PrP_Exp13_N3A_01	GENFTETDVK	GENFTETDVK	25.89	y6	862786	2623335	2262		N3A
QQ180510_PrP_Exp13_N3B_02	GENFTETDVK	GENFTETDVK	25.28	y6	592176	1953471	5147		N3B
QQ180510_PrP_Exp13_C0A_01	VVEQMCITQYER	VVEQMC[+57]ITQYER	36.23	y5	6912432	850184	255		C0A
QQ180510_PrP_Exp13_C0B_02	VVEQMCITQYER	VVEQMC[+57]ITQYER	36.14	y5	6870491	965860	317		C0B
QQ180510_PrP_Exp13_C1A_01	VVEQMCITQYER	VVEQMC[+57]ITQYER	36.22	y5	5418116	779418	1744		C1A
QQ180510_PrP_Exp13_C1B_02	VVEQMCITQYER	VVEQMC[+57]ITQYER	36.25	y5	6858881	915955	1019		C1B
QQ180510_PrP_Exp13_C2A_01	VVEQMCITQYER	VVEQMC[+57]ITQYER	36.37	y5	5995664	773449	1648		C2A
QQ180510_PrP_Exp13_C2B_02	VVEQMCITQYER	VVEQMC[+57]ITQYER	36.33	y5	6360619	836302	1541		C2B
QQ180510_PrP_Exp13_C3A_01	VVEQMCITQYER	VVEQMC[+57]ITQYER	36.47	y5	6809079	911785	972		C3A
QQ180510_PrP_Exp13_C3B_02	VVEQMCITQYER	VVEQMC[+57]ITQYER	36.4	y5	6827238	905030	1704		C3B
QQ180510_PrP_Exp13_N0A_01	VVEQMCITQYER	VVEQMC[+57]ITQYER	36.38	y5	5225180	1080913	8569		N0A
QQ180510_PrP_Exp13_N0B_02	VVEQMCITQYER	VVEQMC[+57]ITQYER	36.37	y5	5937707	970549	9295		N0B
QQ180510_PrP_Exp13_N1A_01	VVEQMCITQYER	VVEQMC[+57]ITQYER	36.34	y5	3637428	732933	1516		N1A
QQ180510_PrP_Exp13_N1B_02	VVEQMCITQYER	VVEQMC[+57]ITQYER	36.55	y5	3622470	846339	1775		N1B
QQ180510_PrP_Exp13_N2A_01	VVEQMCITQYER	VVEQMC[+57]ITQYER	36.44	y5	3442702	717969	1507		N2A
QQ180510_PrP_Exp13_N2B_02	VVEQMCITQYER	VVEQMC[+57]ITQYER	36.65	y5	3506591	728748	2064		N2B
QQ180510_PrP_Exp13_N3A_01	VVEQMCITQYER	VVEQMC[+57]ITQYER	36.42	y5	3399299	780158	2135		N3A
QQ180510_PrP_Exp13_N3B_02	VVEQMCITQYER	VVEQMC[+57]ITQYER	36.35	y5	4405706	964368	1762		N3B
QQ180510_PrP_Exp13_C0A_01	ESQAYYQR	ESQAYYQR	18.9	y3	2832336	1120498	244		C0A
QQ180510_PrP_Exp13_C0B_02	ESQAYYQR	ESQAYYQR	19.13	y3	3166855	1266791	2344		C0B
QQ180510_PrP_Exp13_C1A_01	ESQAYYQR	ESQAYYQR	19	y3	3119242	1282467	1546		C1A
QQ180510_PrP_Exp13_C1B_02	ESQAYYQR	ESQAYYQR	18.82	y3	2285034	917405	941		C1B
QQ180510_PrP_Exp13_C2A_01	ESQAYYQR	ESQAYYQR	19.03	y3	3345610	1337374	2242		C2A
QQ180510_PrP_Exp13_C2B_02	ESQAYYQR	ESQAYYQR	19	y3	2183037	837751	238		C2B
QQ180510_PrP_Exp13_C3A_01	ESQAYYQR	ESQAYYQR	19.26	y3	2272820	921795	868		C3A
QQ180510_PrP_Exp13_C3B_02	ESQAYYQR	ESQAYYQR	19.13	y3	2345511	917261	847		C3B
QQ180510_PrP_Exp13_N0A_01	ESQAYYQR	ESQAYYQR	19.2	y3	2614306	1446482	1203		N0A
QQ180510_PrP_Exp13_N0B_02	ESQAYYQR	ESQAYYQR	19	y3	2457090	1166517	3002		N0B
QQ180510_PrP_Exp13_N1A_01	ESQAYYQR	ESQAYYQR	19.36	y3	2263817	1427280	1784		N1A
QQ180510_PrP_Exp13_N1B_02	ESQAYYQR	ESQAYYQR	19.57	y3	2287242	1755687	791		N1B
QQ180510_PrP_Exp13_N2A_01	ESQAYYQR	ESQAYYQR	19.47	y3	1943417	1365300	3441		N2A
QQ180510_PrP_Exp13_N2B_02	ESQAYYQR	ESQAYYQR	19.64	y3	2760814	2037682	289		N2B
QQ180510_PrP_Exp13_N3A_01	ESQAYYQR	ESQAYYQR	19.26	y3	1414753	1145511	1300		N3A
QQ180510_PrP_Exp13_N3B_02	ESQAYYQR	ESQAYYQR	18.81	y3	1007384	751473	649		N3B
QQ180510_PrP_Exp13_C0A_01	VVEQMCVTQYQK	VVEQMC[+57]VTQYQK	30.26	y5	7407	244278	NA		C0A
QQ180510_PrP_Exp13_C0B_02	VVEQMCVTQYQK	VVEQMC[+57]VTQYQK	30.19	y5	2686	283121	NA		C0B
QQ180510_PrP_Exp13_C1A_01	VVEQMCVTQYQK	VVEQMC[+57]VTQYQK	30.29	y5	4391	303718	NA		C1A
QQ180510_PrP_Exp13_C1B_02	VVEQMCVTQYQK	VVEQMC[+57]VTQYQK	30.25	y5	3048	234785	NA		C1B
QQ180510_PrP_Exp13_C2A_01	VVEQMCVTQYQK	VVEQMC[+57]VTQYQK	30.4	y5	4236	307060	NA		C2A
QQ180510_PrP_Exp13_C2B_02	VVEQMCVTQYQK	VVEQMC[+57]VTQYQK	30.26	y5	7004	205158	NA		C2B
QQ180510_PrP_Exp13_C3A_01	VVEQMCVTQYQK	VVEQMC[+57]VTQYQK	30.48	y5	5764	226725	NA		C3A
QQ180510_PrP_Exp13_C3B_02	VVEQMCVTQYQK	VVEQMC[+57]VTQYQK	30.33	y5	3671	247650	NA		C3B
QQ180510_PrP_Exp13_N0A_01	VVEQMCVTQYQK	VVEQMC[+57]VTQYQK	30.5	y5	874	309437	NA		N0A
QQ180510_PrP_Exp13_N0B_02	VVEQMCVTQYQK	VVEQMC[+57]VTQYQK	30.36	y5	4394	310307	NA		N0B
QQ180510_PrP_Exp13_N1A_01	VVEQMCVTQYQK	VVEQMC[+57]VTQYQK	30.58	y5	128	269942	NA		N1A
QQ180510_PrP_Exp13_N1B_02	VVEQMCVTQYQK	VVEQMC[+57]VTQYQK	30.94	y5	746	279294	NA		N1B
QQ180510_PrP_Exp13_N2A_01	VVEQMCVTQYQK	VVEQMC[+57]VTQYQK	30.64	y5	1173	236839	NA		N2A
QQ180510_PrP_Exp13_N2B_02	VVEQMCVTQYQK	VVEQMC[+57]VTQYQK	30.93	y5	287	199893	NA		N2B
QQ180510_PrP_Exp13_N3A_01	VVEQMCVTQYQK	VVEQMC[+57]VTQYQK	30.51	y5	4759	262904	NA		N3A
QQ180510_PrP_Exp13_N3B_02	VVEQMCVTQYQK	VVEQMC[+57]VTQYQK	30.24	y5	6070	220585	NA		N3B
QQ180510_PrP_Exp13_C0A_01	ESQAYYDGR	ESQAYYDGR	20.4	y4	41035	347549	NA		C0A
QQ180510_PrP_Exp13_C0B_02	ESQAYYDGR	ESQAYYDGR	20.61	y4	36646	868718	NA		C0B
QQ180510_PrP_Exp13_C1A_01	ESQAYYDGR	ESQAYYDGR	20.5	y4	44937	716490	NA		C1A
QQ180510_PrP_Exp13_C1B_02	ESQAYYDGR	ESQAYYDGR	20.37	y4	35192	655594	NA		C1B
QQ180510_PrP_Exp13_C2A_01	ESQAYYDGR	ESQAYYDGR	20.6	y4	38292	1219585	NA		C2A
QQ180510_PrP_Exp13_C2B_02	ESQAYYDGR	ESQAYYDGR	20.47	y4	40758	559408	NA		C2B
QQ180510_PrP_Exp13_C3A_01	ESQAYYDGR	ESQAYYDGR	20.75	y4	43586	578057	NA		C3A
QQ180510_PrP_Exp13_C3B_02	ESQAYYDGR	ESQAYYDGR	20.55	y4	35981	293767	NA		C3B
QQ180510_PrP_Exp13_N0A_01	ESQAYYDGR	ESQAYYDGR	20.81	y4	31396	543566	NA		N0A
QQ180510_PrP_Exp13_N0B_02	ESQAYYDGR	ESQAYYDGR	20.56	y4	27797	538420	NA		N0B
QQ180510_PrP_Exp13_N1A_01	ESQAYYDGR	ESQAYYDGR	20.9	y4	34870	753522	NA		N1A
QQ180510_PrP_Exp13_N1B_02	ESQAYYDGR	ESQAYYDGR	21.26	y4	9081	2057635	NA		N1B
QQ180510_PrP_Exp13_N2A_01	ESQAYYDGR	ESQAYYDGR	21.01	y4	40626	1089540	NA		N2A
QQ180510_PrP_Exp13_N2B_02	ESQAYYDGR	ESQAYYDGR	21.17	y4	6226	1755730	NA		N2B
QQ180510_PrP_Exp13_N3A_01	ESQAYYDGR	ESQAYYDGR	20.7	y4	31045	299458	NA		N3A
QQ180510_PrP_Exp13_N3B_02	ESQAYYDGR	ESQAYYDGR	20.33	y4	30384	230662	NA		N3B
QQ180510_PrP_Exp13_C0A_01	VVEQMCITQYEK	VVEQMC[+57]ITQYEK	34.93	y5	659	375103	NA		C0A
QQ180510_PrP_Exp13_C0B_02	VVEQMCITQYEK	VVEQMC[+57]ITQYEK	34.88	y5	1620	381819	NA		C0B
QQ180510_PrP_Exp13_C1A_01	VVEQMCITQYEK	VVEQMC[+57]ITQYEK	35.05	y5	572	392733	NA		C1A
QQ180510_PrP_Exp13_C1B_02	VVEQMCITQYEK	VVEQMC[+57]ITQYEK	35	y5	806	398902	NA		C1B
QQ180510_PrP_Exp13_C2A_01	VVEQMCITQYEK	VVEQMC[+57]ITQYEK	35.15	y5	915	283954	NA		C2A
QQ180510_PrP_Exp13_C2B_02	VVEQMCITQYEK	VVEQMC[+57]ITQYEK	34.98	y5	657	460147	NA		C2B
QQ180510_PrP_Exp13_C3A_01	VVEQMCITQYEK	VVEQMC[+57]ITQYEK	35.24	y5	976	406626	NA		C3A
QQ180510_PrP_Exp13_C3B_02	VVEQMCITQYEK	VVEQMC[+57]ITQYEK	35.14	y5	1741	491447	NA		C3B
QQ180510_PrP_Exp13_N0A_01	VVEQMCITQYEK	VVEQMC[+57]ITQYEK	35.27	y5	2038	345458	NA		N0A
QQ180510_PrP_Exp13_N0B_02	VVEQMCITQYEK	VVEQMC[+57]ITQYEK	35.18	y5	1709	291925	NA		N0B
QQ180510_PrP_Exp13_N1A_01	VVEQMCITQYEK	VVEQMC[+57]ITQYEK	35.29	y5	1531	274133	NA		N1A
QQ180510_PrP_Exp13_N1B_02	VVEQMCITQYEK	VVEQMC[+57]ITQYEK	35.44	y5	1802	333400	NA		N1B
QQ180510_PrP_Exp13_N2A_01	VVEQMCITQYEK	VVEQMC[+57]ITQYEK	35.34	y5	1631	303666	NA		N2A
QQ180510_PrP_Exp13_N2B_02	VVEQMCITQYEK	VVEQMC[+57]ITQYEK	35.65	y5	1689	230262	NA		N2B
QQ180510_PrP_Exp13_N3A_01	VVEQMCITQYEK	VVEQMC[+57]ITQYEK	35.24	y5	854	336170	NA		N3A
QQ180510_PrP_Exp13_N3B_02	VVEQMCITQYEK	VVEQMC[+57]ITQYEK	35.03	y5	1597	424841	NA		N3B
