Protein Name,Protein Gene,Protein Species,Peptide Sequence,Peptide Modified Sequence,File Name,Acquired Time,Replicate Name,SampleGroup,Peptide Retention Time,Fragment Ion,light Precursor Mz,light Area,light Area Ratio,light Total Area,light Total Area Ratio,heavy Precursor Mz,heavy Area,heavy Area Ratio,heavy Total Area,heavy Total Area Ratio
sp|P04156|PRIO_HUMAN,PRNP,Homo sapiens,PIIHFGSDYEDR,PIIHFGSDYEDR,QQ171103_CSF_1_02.raw,11/3/2017 9:13:16 AM,QQ171103_CSF_1_02,,65.75,y7,483.565007,436,0.0013,74403,0.05,486.901097,343085,#N/A,1488500,#N/A
sp|P04156|PRIO_HUMAN,PRNP,Homo sapiens,PIIHFGSDYEDR,PIIHFGSDYEDR,QQ171103_CSF_2_02.raw,11/3/2017 10:57:53 AM,QQ171103_CSF_2_02,,67.21,y7,483.565007,0,0,5051,0.0017,486.901097,720814,#N/A,2991231,#N/A
sp|P04156|PRIO_HUMAN,PRNP,Homo sapiens,PIIHFGSDYEDR,PIIHFGSDYEDR,QQ171103_CSF_3_02.raw,11/3/2017 12:41:36 PM,QQ171103_CSF_3_02,,65.68,y7,483.565007,5,0,29072,0.0229,486.901097,307994,#N/A,1268345,#N/A
sp|P04156|PRIO_HUMAN,PRNP,Homo sapiens,PIIHFGSDYEDR,PIIHFGSDYEDR,QQ171103_CSF_4_02.raw,11/3/2017 2:25:19 PM,QQ171103_CSF_4_02,,67.59,y7,483.565007,60,0.0001,4565,0.0021,486.901097,538743,#N/A,2149966,#N/A
sp|P04156|PRIO_HUMAN,PRNP,Homo sapiens,PIIHFGSDYEDR,PIIHFGSDYEDR,QQ171103_CSF_1_02.raw,11/3/2017 9:13:16 AM,QQ171103_CSF_1_02,,65.75,y4,483.565007,3095,0.0075,74403,0.05,486.901097,412964,#N/A,1488500,#N/A
sp|P04156|PRIO_HUMAN,PRNP,Homo sapiens,PIIHFGSDYEDR,PIIHFGSDYEDR,QQ171103_CSF_2_02.raw,11/3/2017 10:57:53 AM,QQ171103_CSF_2_02,,67.21,y4,483.565007,725,0.0009,5051,0.0017,486.901097,813072,#N/A,2991231,#N/A
sp|P04156|PRIO_HUMAN,PRNP,Homo sapiens,PIIHFGSDYEDR,PIIHFGSDYEDR,QQ171103_CSF_3_02.raw,11/3/2017 12:41:36 PM,QQ171103_CSF_3_02,,65.68,y4,483.565007,1487,0.0043,29072,0.0229,486.901097,346105,#N/A,1268345,#N/A
sp|P04156|PRIO_HUMAN,PRNP,Homo sapiens,PIIHFGSDYEDR,PIIHFGSDYEDR,QQ171103_CSF_4_02.raw,11/3/2017 2:25:19 PM,QQ171103_CSF_4_02,,67.59,y4,483.565007,1120,0.0019,4565,0.0021,486.901097,591850,#N/A,2149966,#N/A
sp|P04156|PRIO_HUMAN,PRNP,Homo sapiens,PIIHFGSDYEDR,PIIHFGSDYEDR,QQ171103_CSF_1_02.raw,11/3/2017 9:13:16 AM,QQ171103_CSF_1_02,,65.75,y9,483.565007,2917,0.0098,74403,0.05,486.901097,297969,#N/A,1488500,#N/A
sp|P04156|PRIO_HUMAN,PRNP,Homo sapiens,PIIHFGSDYEDR,PIIHFGSDYEDR,QQ171103_CSF_2_02.raw,11/3/2017 10:57:53 AM,QQ171103_CSF_2_02,,67.21,y9,483.565007,337,0.0006,5051,0.0017,486.901097,603397,#N/A,2991231,#N/A
sp|P04156|PRIO_HUMAN,PRNP,Homo sapiens,PIIHFGSDYEDR,PIIHFGSDYEDR,QQ171103_CSF_3_02.raw,11/3/2017 12:41:36 PM,QQ171103_CSF_3_02,,65.68,y9,483.565007,1918,0.0075,29072,0.0229,486.901097,257173,#N/A,1268345,#N/A
sp|P04156|PRIO_HUMAN,PRNP,Homo sapiens,PIIHFGSDYEDR,PIIHFGSDYEDR,QQ171103_CSF_4_02.raw,11/3/2017 2:25:19 PM,QQ171103_CSF_4_02,,67.59,y9,483.565007,441,0.001,4565,0.0021,486.901097,421152,#N/A,2149966,#N/A
sp|P04156|PRIO_HUMAN,PRNP,Homo sapiens,PIIHFGSDYEDR,PIIHFGSDYEDR,QQ171103_CSF_1_02.raw,11/3/2017 9:13:16 AM,QQ171103_CSF_1_02,,65.75,b4,483.565007,67954,0.1564,74403,0.05,486.901097,434481,#N/A,1488500,#N/A
sp|P04156|PRIO_HUMAN,PRNP,Homo sapiens,PIIHFGSDYEDR,PIIHFGSDYEDR,QQ171103_CSF_2_02.raw,11/3/2017 10:57:53 AM,QQ171103_CSF_2_02,,67.21,b4,483.565007,3988,0.0047,5051,0.0017,486.901097,853949,#N/A,2991231,#N/A
sp|P04156|PRIO_HUMAN,PRNP,Homo sapiens,PIIHFGSDYEDR,PIIHFGSDYEDR,QQ171103_CSF_3_02.raw,11/3/2017 12:41:36 PM,QQ171103_CSF_3_02,,65.68,b4,483.565007,25663,0.0719,29072,0.0229,486.901097,357072,#N/A,1268345,#N/A
sp|P04156|PRIO_HUMAN,PRNP,Homo sapiens,PIIHFGSDYEDR,PIIHFGSDYEDR,QQ171103_CSF_4_02.raw,11/3/2017 2:25:19 PM,QQ171103_CSF_4_02,,67.59,b4,483.565007,2944,0.0049,4565,0.0021,486.901097,598220,#N/A,2149966,#N/A
sp|P04156|PRIO_HUMAN,PRNP,Homo sapiens,RPKPGGWNTGGSR,RPKPGGWNTGGSR,QQ171103_CSF_1_02.raw,11/3/2017 9:13:16 AM,QQ171103_CSF_1_02,,47.43,y6,457.240969,20022,0.0324,101684,0.031,460.577059,618534,#N/A,3280170,#N/A
sp|P04156|PRIO_HUMAN,PRNP,Homo sapiens,RPKPGGWNTGGSR,RPKPGGWNTGGSR,QQ171103_CSF_2_02.raw,11/3/2017 10:57:53 AM,QQ171103_CSF_2_02,,47.95,y6,457.240969,1425,0.0018,13026,0.0034,460.577059,795083,#N/A,3866535,#N/A
sp|P04156|PRIO_HUMAN,PRNP,Homo sapiens,RPKPGGWNTGGSR,RPKPGGWNTGGSR,QQ171103_CSF_3_02.raw,11/3/2017 12:41:36 PM,QQ171103_CSF_3_02,,47.04,y6,457.240969,3545,0.0041,14632,0.0036,460.577059,859811,#N/A,4082561,#N/A
sp|P04156|PRIO_HUMAN,PRNP,Homo sapiens,RPKPGGWNTGGSR,RPKPGGWNTGGSR,QQ171103_CSF_4_02.raw,11/3/2017 2:25:19 PM,QQ171103_CSF_4_02,,48.31,y6,457.240969,31,0,2082,0.0006,460.577059,667440,#N/A,3266134,#N/A
sp|P04156|PRIO_HUMAN,PRNP,Homo sapiens,RPKPGGWNTGGSR,RPKPGGWNTGGSR,QQ171103_CSF_1_02.raw,11/3/2017 9:13:16 AM,QQ171103_CSF_1_02,,47.43,y5,457.240969,27442,0.025,101684,0.031,460.577059,1098956,#N/A,3280170,#N/A
sp|P04156|PRIO_HUMAN,PRNP,Homo sapiens,RPKPGGWNTGGSR,RPKPGGWNTGGSR,QQ171103_CSF_2_02.raw,11/3/2017 10:57:53 AM,QQ171103_CSF_2_02,,47.95,y5,457.240969,4699,0.0038,13026,0.0034,460.577059,1239280,#N/A,3866535,#N/A
sp|P04156|PRIO_HUMAN,PRNP,Homo sapiens,RPKPGGWNTGGSR,RPKPGGWNTGGSR,QQ171103_CSF_3_02.raw,11/3/2017 12:41:36 PM,QQ171103_CSF_3_02,,47.04,y5,457.240969,2457,0.0018,14632,0.0036,460.577059,1369724,#N/A,4082561,#N/A
sp|P04156|PRIO_HUMAN,PRNP,Homo sapiens,RPKPGGWNTGGSR,RPKPGGWNTGGSR,QQ171103_CSF_4_02.raw,11/3/2017 2:25:19 PM,QQ171103_CSF_4_02,,48.31,y5,457.240969,868,0.0008,2082,0.0006,460.577059,1056534,#N/A,3266134,#N/A
sp|P04156|PRIO_HUMAN,PRNP,Homo sapiens,RPKPGGWNTGGSR,RPKPGGWNTGGSR,QQ171103_CSF_1_02.raw,11/3/2017 9:13:16 AM,QQ171103_CSF_1_02,,47.43,y4,457.240969,54220,0.0347,101684,0.031,460.577059,1562680,#N/A,3280170,#N/A
sp|P04156|PRIO_HUMAN,PRNP,Homo sapiens,RPKPGGWNTGGSR,RPKPGGWNTGGSR,QQ171103_CSF_2_02.raw,11/3/2017 10:57:53 AM,QQ171103_CSF_2_02,,47.95,y4,457.240969,6902,0.0038,13026,0.0034,460.577059,1832173,#N/A,3866535,#N/A
sp|P04156|PRIO_HUMAN,PRNP,Homo sapiens,RPKPGGWNTGGSR,RPKPGGWNTGGSR,QQ171103_CSF_3_02.raw,11/3/2017 12:41:36 PM,QQ171103_CSF_3_02,,47.04,y4,457.240969,8631,0.0047,14632,0.0036,460.577059,1853026,#N/A,4082561,#N/A
sp|P04156|PRIO_HUMAN,PRNP,Homo sapiens,RPKPGGWNTGGSR,RPKPGGWNTGGSR,QQ171103_CSF_4_02.raw,11/3/2017 2:25:19 PM,QQ171103_CSF_4_02,,48.31,y4,457.240969,1182,0.0008,2082,0.0006,460.577059,1542160,#N/A,3266134,#N/A
sp|P04156|PRIO_HUMAN,PRNP,Homo sapiens,YPGQGSPGGNR,YPGQGSPGGNR,QQ171103_CSF_1_02.raw,11/3/2017 9:13:16 AM,QQ171103_CSF_1_02,,47.2,y9,545.257236,369268,0.3816,1150563,0.3877,550.261371,967589,#N/A,2967970,#N/A
sp|P04156|PRIO_HUMAN,PRNP,Homo sapiens,YPGQGSPGGNR,YPGQGSPGGNR,QQ171103_CSF_2_02.raw,11/3/2017 10:57:53 AM,QQ171103_CSF_2_02,,47.5,y9,545.257236,30881,0.0187,91034,0.0181,550.261371,1653750,#N/A,5019335,#N/A
sp|P04156|PRIO_HUMAN,PRNP,Homo sapiens,YPGQGSPGGNR,YPGQGSPGGNR,QQ171103_CSF_3_02.raw,11/3/2017 12:41:36 PM,QQ171103_CSF_3_02,,46.73,y9,545.257236,2830,0.0022,21658,0.0053,550.261371,1298419,#N/A,4079142,#N/A
sp|P04156|PRIO_HUMAN,PRNP,Homo sapiens,YPGQGSPGGNR,YPGQGSPGGNR,QQ171103_CSF_4_02.raw,11/3/2017 2:25:19 PM,QQ171103_CSF_4_02,,47.4,y9,545.257236,273,0.0002,1416,0.0004,550.261371,1142928,#N/A,3532928,#N/A
sp|P04156|PRIO_HUMAN,PRNP,Homo sapiens,YPGQGSPGGNR,YPGQGSPGGNR,QQ171103_CSF_1_02.raw,11/3/2017 9:13:16 AM,QQ171103_CSF_1_02,,47.2,y7,545.257236,358532,0.3878,1150563,0.3877,550.261371,924494,#N/A,2967970,#N/A
sp|P04156|PRIO_HUMAN,PRNP,Homo sapiens,YPGQGSPGGNR,YPGQGSPGGNR,QQ171103_CSF_2_02.raw,11/3/2017 10:57:53 AM,QQ171103_CSF_2_02,,47.5,y7,545.257236,31253,0.0201,91034,0.0181,550.261371,1552049,#N/A,5019335,#N/A
sp|P04156|PRIO_HUMAN,PRNP,Homo sapiens,YPGQGSPGGNR,YPGQGSPGGNR,QQ171103_CSF_3_02.raw,11/3/2017 12:41:36 PM,QQ171103_CSF_3_02,,46.73,y7,545.257236,5183,0.004,21658,0.0053,550.261371,1294746,#N/A,4079142,#N/A
sp|P04156|PRIO_HUMAN,PRNP,Homo sapiens,YPGQGSPGGNR,YPGQGSPGGNR,QQ171103_CSF_4_02.raw,11/3/2017 2:25:19 PM,QQ171103_CSF_4_02,,47.4,y7,545.257236,690,0.0006,1416,0.0004,550.261371,1091815,#N/A,3532928,#N/A
sp|P04156|PRIO_HUMAN,PRNP,Homo sapiens,YPGQGSPGGNR,YPGQGSPGGNR,QQ171103_CSF_1_02.raw,11/3/2017 9:13:16 AM,QQ171103_CSF_1_02,,47.2,y5,545.257236,422763,0.3929,1150563,0.3877,550.261371,1075886,#N/A,2967970,#N/A
sp|P04156|PRIO_HUMAN,PRNP,Homo sapiens,YPGQGSPGGNR,YPGQGSPGGNR,QQ171103_CSF_2_02.raw,11/3/2017 10:57:53 AM,QQ171103_CSF_2_02,,47.5,y5,545.257236,28900,0.0159,91034,0.0181,550.261371,1813535,#N/A,5019335,#N/A
sp|P04156|PRIO_HUMAN,PRNP,Homo sapiens,YPGQGSPGGNR,YPGQGSPGGNR,QQ171103_CSF_3_02.raw,11/3/2017 12:41:36 PM,QQ171103_CSF_3_02,,46.73,y5,545.257236,13646,0.0092,21658,0.0053,550.261371,1485977,#N/A,4079142,#N/A
sp|P04156|PRIO_HUMAN,PRNP,Homo sapiens,YPGQGSPGGNR,YPGQGSPGGNR,QQ171103_CSF_4_02.raw,11/3/2017 2:25:19 PM,QQ171103_CSF_4_02,,47.4,y5,545.257236,453,0.0003,1416,0.0004,550.261371,1298185,#N/A,3532928,#N/A
sp|P04156|PRIO_HUMAN,PRNP,Homo sapiens,GENFTETDVK,GENFTETDVK,QQ171103_CSF_1_02.raw,11/3/2017 9:13:16 AM,QQ171103_CSF_1_02,,56.24,y7,570.264393,90175,0.3024,541692,0.2462,574.271492,298180,#N/A,2199797,#N/A
sp|P04156|PRIO_HUMAN,PRNP,Homo sapiens,GENFTETDVK,GENFTETDVK,QQ171103_CSF_2_02.raw,11/3/2017 10:57:53 AM,QQ171103_CSF_2_02,,57.2,y7,570.264393,10834,0.013,83712,0.0172,574.271492,831914,#N/A,4858258,#N/A
sp|P04156|PRIO_HUMAN,PRNP,Homo sapiens,GENFTETDVK,GENFTETDVK,QQ171103_CSF_3_02.raw,11/3/2017 12:41:36 PM,QQ171103_CSF_3_02,,55.94,y7,570.264393,12516,0.0412,29940,0.0131,574.271492,303842,#N/A,2281442,#N/A
sp|P04156|PRIO_HUMAN,PRNP,Homo sapiens,GENFTETDVK,GENFTETDVK,QQ171103_CSF_4_02.raw,11/3/2017 2:25:19 PM,QQ171103_CSF_4_02,,57.44,y7,570.264393,2206,0.003,4887,0.001,574.271492,732094,#N/A,4669793,#N/A
sp|P04156|PRIO_HUMAN,PRNP,Homo sapiens,GENFTETDVK,GENFTETDVK,QQ171103_CSF_1_02.raw,11/3/2017 9:13:16 AM,QQ171103_CSF_1_02,,56.24,y6,570.264393,280003,0.2319,541692,0.2462,574.271492,1207656,#N/A,2199797,#N/A
sp|P04156|PRIO_HUMAN,PRNP,Homo sapiens,GENFTETDVK,GENFTETDVK,QQ171103_CSF_2_02.raw,11/3/2017 10:57:53 AM,QQ171103_CSF_2_02,,57.2,y6,570.264393,42503,0.0167,83712,0.0172,574.271492,2546905,#N/A,4858258,#N/A
sp|P04156|PRIO_HUMAN,PRNP,Homo sapiens,GENFTETDVK,GENFTETDVK,QQ171103_CSF_3_02.raw,11/3/2017 12:41:36 PM,QQ171103_CSF_3_02,,55.94,y6,570.264393,10699,0.0087,29940,0.0131,574.271492,1231898,#N/A,2281442,#N/A
sp|P04156|PRIO_HUMAN,PRNP,Homo sapiens,GENFTETDVK,GENFTETDVK,QQ171103_CSF_4_02.raw,11/3/2017 2:25:19 PM,QQ171103_CSF_4_02,,57.44,y6,570.264393,1060,0.0004,4887,0.001,574.271492,2486299,#N/A,4669793,#N/A
sp|P04156|PRIO_HUMAN,PRNP,Homo sapiens,GENFTETDVK,GENFTETDVK,QQ171103_CSF_1_02.raw,11/3/2017 9:13:16 AM,QQ171103_CSF_1_02,,56.24,y5,570.264393,96121,0.245,541692,0.2462,574.271492,392261,#N/A,2199797,#N/A
sp|P04156|PRIO_HUMAN,PRNP,Homo sapiens,GENFTETDVK,GENFTETDVK,QQ171103_CSF_2_02.raw,11/3/2017 10:57:53 AM,QQ171103_CSF_2_02,,57.2,y5,570.264393,15659,0.0191,83712,0.0172,574.271492,820986,#N/A,4858258,#N/A
sp|P04156|PRIO_HUMAN,PRNP,Homo sapiens,GENFTETDVK,GENFTETDVK,QQ171103_CSF_3_02.raw,11/3/2017 12:41:36 PM,QQ171103_CSF_3_02,,55.94,y5,570.264393,2107,0.005,29940,0.0131,574.271492,420430,#N/A,2281442,#N/A
sp|P04156|PRIO_HUMAN,PRNP,Homo sapiens,GENFTETDVK,GENFTETDVK,QQ171103_CSF_4_02.raw,11/3/2017 2:25:19 PM,QQ171103_CSF_4_02,,57.44,y5,570.264393,395,0.0005,4887,0.001,574.271492,808412,#N/A,4669793,#N/A
sp|P04156|PRIO_HUMAN,PRNP,Homo sapiens,GENFTETDVK,GENFTETDVK,QQ171103_CSF_1_02.raw,11/3/2017 9:13:16 AM,QQ171103_CSF_1_02,,56.24,y4,570.264393,75393,0.2499,541692,0.2462,574.271492,301700,#N/A,2199797,#N/A
sp|P04156|PRIO_HUMAN,PRNP,Homo sapiens,GENFTETDVK,GENFTETDVK,QQ171103_CSF_2_02.raw,11/3/2017 10:57:53 AM,QQ171103_CSF_2_02,,57.2,y4,570.264393,14717,0.0224,83712,0.0172,574.271492,658453,#N/A,4858258,#N/A
sp|P04156|PRIO_HUMAN,PRNP,Homo sapiens,GENFTETDVK,GENFTETDVK,QQ171103_CSF_3_02.raw,11/3/2017 12:41:36 PM,QQ171103_CSF_3_02,,55.94,y4,570.264393,4617,0.0142,29940,0.0131,574.271492,325272,#N/A,2281442,#N/A
sp|P04156|PRIO_HUMAN,PRNP,Homo sapiens,GENFTETDVK,GENFTETDVK,QQ171103_CSF_4_02.raw,11/3/2017 2:25:19 PM,QQ171103_CSF_4_02,,57.44,y4,570.264393,1227,0.0019,4887,0.001,574.271492,642989,#N/A,4669793,#N/A
sp|P04156|PRIO_HUMAN,PRNP,Homo sapiens,VVEQMCITQYER,VVEQMC[+57]ITQYER,QQ171103_CSF_1_02.raw,11/3/2017 9:13:16 AM,QQ171103_CSF_1_02,,66.46,y8,778.365801,3,0,1927,0.0019,783.369935,199329,#N/A,993761,#N/A
sp|P04156|PRIO_HUMAN,PRNP,Homo sapiens,VVEQMCITQYER,VVEQMC[+57]ITQYER,QQ171103_CSF_2_02.raw,11/3/2017 10:57:53 AM,QQ171103_CSF_2_02,,67.56,y8,778.365801,0,0,590,0.0002,783.369935,758087,#N/A,3224624,#N/A
sp|P04156|PRIO_HUMAN,PRNP,Homo sapiens,VVEQMCITQYER,VVEQMC[+57]ITQYER,QQ171103_CSF_3_02.raw,11/3/2017 12:41:36 PM,QQ171103_CSF_3_02,,66.46,y8,778.365801,111,0.0004,2709,0.0018,783.369935,314596,#N/A,1470773,#N/A
sp|P04156|PRIO_HUMAN,PRNP,Homo sapiens,VVEQMCITQYER,VVEQMC[+57]ITQYER,QQ171103_CSF_4_02.raw,11/3/2017 2:25:19 PM,QQ171103_CSF_4_02,,67.93,y8,778.365801,1,0,1090,0.0004,783.369935,592355,#N/A,2572993,#N/A
sp|P04156|PRIO_HUMAN,PRNP,Homo sapiens,VVEQMCITQYER,VVEQMC[+57]ITQYER,QQ171103_CSF_1_02.raw,11/3/2017 9:13:16 AM,QQ171103_CSF_1_02,,66.46,y7,778.365801,627,0.0018,1927,0.0019,783.369935,352273,#N/A,993761,#N/A
sp|P04156|PRIO_HUMAN,PRNP,Homo sapiens,VVEQMCITQYER,VVEQMC[+57]ITQYER,QQ171103_CSF_2_02.raw,11/3/2017 10:57:53 AM,QQ171103_CSF_2_02,,67.56,y7,778.365801,134,0.0001,590,0.0002,783.369935,1148416,#N/A,3224624,#N/A
sp|P04156|PRIO_HUMAN,PRNP,Homo sapiens,VVEQMCITQYER,VVEQMC[+57]ITQYER,QQ171103_CSF_3_02.raw,11/3/2017 12:41:36 PM,QQ171103_CSF_3_02,,66.46,y7,778.365801,1869,0.0036,2709,0.0018,783.369935,515296,#N/A,1470773,#N/A
sp|P04156|PRIO_HUMAN,PRNP,Homo sapiens,VVEQMCITQYER,VVEQMC[+57]ITQYER,QQ171103_CSF_4_02.raw,11/3/2017 2:25:19 PM,QQ171103_CSF_4_02,,67.93,y7,778.365801,46,0.0001,1090,0.0004,783.369935,901108,#N/A,2572993,#N/A
sp|P04156|PRIO_HUMAN,PRNP,Homo sapiens,VVEQMCITQYER,VVEQMC[+57]ITQYER,QQ171103_CSF_1_02.raw,11/3/2017 9:13:16 AM,QQ171103_CSF_1_02,,66.46,y5,778.365801,1297,0.0029,1927,0.0019,783.369935,442159,#N/A,993761,#N/A
sp|P04156|PRIO_HUMAN,PRNP,Homo sapiens,VVEQMCITQYER,VVEQMC[+57]ITQYER,QQ171103_CSF_2_02.raw,11/3/2017 10:57:53 AM,QQ171103_CSF_2_02,,67.56,y5,778.365801,456,0.0003,590,0.0002,783.369935,1318121,#N/A,3224624,#N/A
sp|P04156|PRIO_HUMAN,PRNP,Homo sapiens,VVEQMCITQYER,VVEQMC[+57]ITQYER,QQ171103_CSF_3_02.raw,11/3/2017 12:41:36 PM,QQ171103_CSF_3_02,,66.46,y5,778.365801,729,0.0011,2709,0.0018,783.369935,640881,#N/A,1470773,#N/A
sp|P04156|PRIO_HUMAN,PRNP,Homo sapiens,VVEQMCITQYER,VVEQMC[+57]ITQYER,QQ171103_CSF_4_02.raw,11/3/2017 2:25:19 PM,QQ171103_CSF_4_02,,67.93,y5,778.365801,1043,0.001,1090,0.0004,783.369935,1079529,#N/A,2572993,#N/A
sp|P04156|PRIO_HUMAN,PRNP,Homo sapiens,VVEQMCITQYER,VVEQM[+16]C[+57]ITQYER,QQ171103_CSF_1_02.raw,11/3/2017 9:13:16 AM,QQ171103_CSF_1_02,,60.6,y8,786.363258,69,0.0018,871,0.0023,791.367393,38581,#N/A,386458,#N/A
sp|P04156|PRIO_HUMAN,PRNP,Homo sapiens,VVEQMCITQYER,VVEQM[+16]C[+57]ITQYER,QQ171103_CSF_2_02.raw,11/3/2017 10:57:53 AM,QQ171103_CSF_2_02,,61.67,y8,786.363258,0,0,1423,0.0025,791.367393,62906,#N/A,570315,#N/A
sp|P04156|PRIO_HUMAN,PRNP,Homo sapiens,VVEQMCITQYER,VVEQM[+16]C[+57]ITQYER,QQ171103_CSF_3_02.raw,11/3/2017 12:41:36 PM,QQ171103_CSF_3_02,,60.44,y8,786.363258,556,0.0264,1316,0.0069,791.367393,21104,#N/A,190116,#N/A
sp|P04156|PRIO_HUMAN,PRNP,Homo sapiens,VVEQMCITQYER,VVEQM[+16]C[+57]ITQYER,QQ171103_CSF_4_02.raw,11/3/2017 2:25:19 PM,QQ171103_CSF_4_02,,61.86,y8,786.363258,0,0,192,0.0006,791.367393,37746,#N/A,325191,#N/A
sp|P04156|PRIO_HUMAN,PRNP,Homo sapiens,VVEQMCITQYER,VVEQM[+16]C[+57]ITQYER,QQ171103_CSF_1_02.raw,11/3/2017 9:13:16 AM,QQ171103_CSF_1_02,,60.6,y7,786.363258,402,0.0037,871,0.0023,791.367393,107442,#N/A,386458,#N/A
sp|P04156|PRIO_HUMAN,PRNP,Homo sapiens,VVEQMCITQYER,VVEQM[+16]C[+57]ITQYER,QQ171103_CSF_2_02.raw,11/3/2017 10:57:53 AM,QQ171103_CSF_2_02,,61.67,y7,786.363258,0,0,1423,0.0025,791.367393,154485,#N/A,570315,#N/A
sp|P04156|PRIO_HUMAN,PRNP,Homo sapiens,VVEQMCITQYER,VVEQM[+16]C[+57]ITQYER,QQ171103_CSF_3_02.raw,11/3/2017 12:41:36 PM,QQ171103_CSF_3_02,,60.44,y7,786.363258,176,0.0036,1316,0.0069,791.367393,49093,#N/A,190116,#N/A
sp|P04156|PRIO_HUMAN,PRNP,Homo sapiens,VVEQMCITQYER,VVEQM[+16]C[+57]ITQYER,QQ171103_CSF_4_02.raw,11/3/2017 2:25:19 PM,QQ171103_CSF_4_02,,61.86,y7,786.363258,0,0,192,0.0006,791.367393,89570,#N/A,325191,#N/A
sp|P04156|PRIO_HUMAN,PRNP,Homo sapiens,VVEQMCITQYER,VVEQM[+16]C[+57]ITQYER,QQ171103_CSF_1_02.raw,11/3/2017 9:13:16 AM,QQ171103_CSF_1_02,,60.6,y5,786.363258,399,0.0017,871,0.0023,791.367393,240435,#N/A,386458,#N/A
sp|P04156|PRIO_HUMAN,PRNP,Homo sapiens,VVEQMCITQYER,VVEQM[+16]C[+57]ITQYER,QQ171103_CSF_2_02.raw,11/3/2017 10:57:53 AM,QQ171103_CSF_2_02,,61.67,y5,786.363258,1423,0.004,1423,0.0025,791.367393,352925,#N/A,570315,#N/A
sp|P04156|PRIO_HUMAN,PRNP,Homo sapiens,VVEQMCITQYER,VVEQM[+16]C[+57]ITQYER,QQ171103_CSF_3_02.raw,11/3/2017 12:41:36 PM,QQ171103_CSF_3_02,,60.44,y5,786.363258,583,0.0049,1316,0.0069,791.367393,119919,#N/A,190116,#N/A
sp|P04156|PRIO_HUMAN,PRNP,Homo sapiens,VVEQMCITQYER,VVEQM[+16]C[+57]ITQYER,QQ171103_CSF_4_02.raw,11/3/2017 2:25:19 PM,QQ171103_CSF_4_02,,61.86,y5,786.363258,192,0.001,192,0.0006,791.367393,197876,#N/A,325191,#N/A
sp|P04156|PRIO_HUMAN,PRNP,Homo sapiens,ESQAYYQR,ESQAYYQR,QQ171103_CSF_1_02.raw,11/3/2017 9:13:16 AM,QQ171103_CSF_1_02,,48.77,y5,522.740888,594,0.0009,3315,0.0012,527.745022,630187,#N/A,2773911,#N/A
sp|P04156|PRIO_HUMAN,PRNP,Homo sapiens,ESQAYYQR,ESQAYYQR,QQ171103_CSF_2_02.raw,11/3/2017 10:57:53 AM,QQ171103_CSF_2_02,,49.15,y5,522.740888,247,0.0002,5101,0.001,527.745022,1136624,#N/A,5141283,#N/A
sp|P04156|PRIO_HUMAN,PRNP,Homo sapiens,ESQAYYQR,ESQAYYQR,QQ171103_CSF_3_02.raw,11/3/2017 12:41:36 PM,QQ171103_CSF_3_02,,48.52,y5,522.740888,231,0.0003,4912,0.0014,527.745022,778026,#N/A,3537955,#N/A
sp|P04156|PRIO_HUMAN,PRNP,Homo sapiens,ESQAYYQR,ESQAYYQR,QQ171103_CSF_4_02.raw,11/3/2017 2:25:19 PM,QQ171103_CSF_4_02,,49.28,y5,522.740888,0,0,3483,0.0008,527.745022,976101,#N/A,4373659,#N/A
sp|P04156|PRIO_HUMAN,PRNP,Homo sapiens,ESQAYYQR,ESQAYYQR,QQ171103_CSF_1_02.raw,11/3/2017 9:13:16 AM,QQ171103_CSF_1_02,,48.77,y4,522.740888,1272,0.0015,3315,0.0012,527.745022,852842,#N/A,2773911,#N/A
sp|P04156|PRIO_HUMAN,PRNP,Homo sapiens,ESQAYYQR,ESQAYYQR,QQ171103_CSF_2_02.raw,11/3/2017 10:57:53 AM,QQ171103_CSF_2_02,,49.15,y4,522.740888,1205,0.0007,5101,0.001,527.745022,1658416,#N/A,5141283,#N/A
sp|P04156|PRIO_HUMAN,PRNP,Homo sapiens,ESQAYYQR,ESQAYYQR,QQ171103_CSF_3_02.raw,11/3/2017 12:41:36 PM,QQ171103_CSF_3_02,,48.52,y4,522.740888,2476,0.0023,4912,0.0014,527.745022,1099490,#N/A,3537955,#N/A
sp|P04156|PRIO_HUMAN,PRNP,Homo sapiens,ESQAYYQR,ESQAYYQR,QQ171103_CSF_4_02.raw,11/3/2017 2:25:19 PM,QQ171103_CSF_4_02,,49.28,y4,522.740888,253,0.0002,3483,0.0008,527.745022,1392731,#N/A,4373659,#N/A
sp|P04156|PRIO_HUMAN,PRNP,Homo sapiens,ESQAYYQR,ESQAYYQR,QQ171103_CSF_1_02.raw,11/3/2017 9:13:16 AM,QQ171103_CSF_1_02,,48.77,y3,522.740888,1448,0.0011,3315,0.0012,527.745022,1290882,#N/A,2773911,#N/A
sp|P04156|PRIO_HUMAN,PRNP,Homo sapiens,ESQAYYQR,ESQAYYQR,QQ171103_CSF_2_02.raw,11/3/2017 10:57:53 AM,QQ171103_CSF_2_02,,49.15,y3,522.740888,3649,0.0016,5101,0.001,527.745022,2346243,#N/A,5141283,#N/A
sp|P04156|PRIO_HUMAN,PRNP,Homo sapiens,ESQAYYQR,ESQAYYQR,QQ171103_CSF_3_02.raw,11/3/2017 12:41:36 PM,QQ171103_CSF_3_02,,48.52,y3,522.740888,2205,0.0013,4912,0.0014,527.745022,1660439,#N/A,3537955,#N/A
sp|P04156|PRIO_HUMAN,PRNP,Homo sapiens,ESQAYYQR,ESQAYYQR,QQ171103_CSF_4_02.raw,11/3/2017 2:25:19 PM,QQ171103_CSF_4_02,,49.28,y3,522.740888,3229,0.0016,3483,0.0008,527.745022,2004827,#N/A,4373659,#N/A
P04925_PRIO_MOUSE,,,ESQAYYDGR,ESQAYYDGR,QQ171103_CSF_1_02.raw,11/3/2017 9:13:16 AM,QQ171103_CSF_1_02,,49.93,y6,544.735802,547523,1.2056,2657269,1.1745,549.739937,454152,#N/A,2262487,#N/A
P04925_PRIO_MOUSE,,,ESQAYYDGR,ESQAYYDGR,QQ171103_CSF_2_02.raw,11/3/2017 10:57:53 AM,QQ171103_CSF_2_02,,50.51,y6,544.735802,82798,0.0729,392349,0.0742,549.739937,1135717,#N/A,5287384,#N/A
P04925_PRIO_MOUSE,,,ESQAYYDGR,ESQAYYDGR,QQ171103_CSF_3_02.raw,11/3/2017 12:41:36 PM,QQ171103_CSF_3_02,,49.53,y6,544.735802,2516,0.004,21102,0.0067,549.739937,630925,#N/A,3126900,#N/A
P04925_PRIO_MOUSE,,,ESQAYYDGR,ESQAYYDGR,QQ171103_CSF_4_02.raw,11/3/2017 2:25:19 PM,QQ171103_CSF_4_02,,50.68,y6,544.735802,0,0,3982,0.0009,549.739937,969460,#N/A,4682875,#N/A
P04925_PRIO_MOUSE,,,ESQAYYDGR,ESQAYYDGR,QQ171103_CSF_1_02.raw,11/3/2017 9:13:16 AM,QQ171103_CSF_1_02,,49.93,y5,544.735802,829137,1.1836,2657269,1.1745,549.739937,700516,#N/A,2262487,#N/A
P04925_PRIO_MOUSE,,,ESQAYYDGR,ESQAYYDGR,QQ171103_CSF_2_02.raw,11/3/2017 10:57:53 AM,QQ171103_CSF_2_02,,50.51,y5,544.735802,120642,0.0762,392349,0.0742,549.739937,1582858,#N/A,5287384,#N/A
P04925_PRIO_MOUSE,,,ESQAYYDGR,ESQAYYDGR,QQ171103_CSF_3_02.raw,11/3/2017 12:41:36 PM,QQ171103_CSF_3_02,,49.53,y5,544.735802,279,0.0003,21102,0.0067,549.739937,993199,#N/A,3126900,#N/A
P04925_PRIO_MOUSE,,,ESQAYYDGR,ESQAYYDGR,QQ171103_CSF_4_02.raw,11/3/2017 2:25:19 PM,QQ171103_CSF_4_02,,50.68,y5,544.735802,85,0.0001,3982,0.0009,549.739937,1421534,#N/A,4682875,#N/A
P04925_PRIO_MOUSE,,,ESQAYYDGR,ESQAYYDGR,QQ171103_CSF_1_02.raw,11/3/2017 9:13:16 AM,QQ171103_CSF_1_02,,49.93,y4,544.735802,1280609,1.156,2657269,1.1745,549.739937,1107818,#N/A,2262487,#N/A
P04925_PRIO_MOUSE,,,ESQAYYDGR,ESQAYYDGR,QQ171103_CSF_2_02.raw,11/3/2017 10:57:53 AM,QQ171103_CSF_2_02,,50.51,y4,544.735802,188909,0.0735,392349,0.0742,549.739937,2568809,#N/A,5287384,#N/A
P04925_PRIO_MOUSE,,,ESQAYYDGR,ESQAYYDGR,QQ171103_CSF_3_02.raw,11/3/2017 12:41:36 PM,QQ171103_CSF_3_02,,49.53,y4,544.735802,18308,0.0122,21102,0.0067,549.739937,1502776,#N/A,3126900,#N/A
P04925_PRIO_MOUSE,,,ESQAYYDGR,ESQAYYDGR,QQ171103_CSF_4_02.raw,11/3/2017 2:25:19 PM,QQ171103_CSF_4_02,,50.68,y4,544.735802,3896,0.0017,3982,0.0009,549.739937,2291881,#N/A,4682875,#N/A
P04925_PRIO_MOUSE,,,VVEQMCVTQYQK,VVEQMC[+57]VTQYQK,QQ171103_CSF_1_02.raw,11/3/2017 9:13:16 AM,QQ171103_CSF_1_02,,60.89,y8,756.862894,186250,0.9127,841035,0.9353,760.869993,204057,#N/A,899260,#N/A
P04925_PRIO_MOUSE,,,VVEQMCVTQYQK,VVEQMC[+57]VTQYQK,QQ171103_CSF_2_02.raw,11/3/2017 10:57:53 AM,QQ171103_CSF_2_02,,61.99,y8,756.862894,43553,0.0753,181953,0.073,760.869993,578728,#N/A,2491667,#N/A
P04925_PRIO_MOUSE,,,VVEQMCVTQYQK,VVEQMC[+57]VTQYQK,QQ171103_CSF_3_02.raw,11/3/2017 12:41:36 PM,QQ171103_CSF_3_02,,60.89,y8,756.862894,908,0.0036,4503,0.0039,760.869993,251822,#N/A,1158351,#N/A
P04925_PRIO_MOUSE,,,VVEQMCVTQYQK,VVEQMC[+57]VTQYQK,QQ171103_CSF_4_02.raw,11/3/2017 2:25:19 PM,QQ171103_CSF_4_02,,62.19,y8,756.862894,808,0.0016,4024,0.0017,760.869993,505194,#N/A,2330536,#N/A
P04925_PRIO_MOUSE,,,VVEQMCVTQYQK,VVEQMC[+57]VTQYQK,QQ171103_CSF_1_02.raw,11/3/2017 9:13:16 AM,QQ171103_CSF_1_02,,60.89,y7,756.862894,300788,0.9287,841035,0.9353,760.869993,323890,#N/A,899260,#N/A
P04925_PRIO_MOUSE,,,VVEQMCVTQYQK,VVEQMC[+57]VTQYQK,QQ171103_CSF_2_02.raw,11/3/2017 10:57:53 AM,QQ171103_CSF_2_02,,61.99,y7,756.862894,68988,0.0742,181953,0.073,760.869993,930114,#N/A,2491667,#N/A
P04925_PRIO_MOUSE,,,VVEQMCVTQYQK,VVEQMC[+57]VTQYQK,QQ171103_CSF_3_02.raw,11/3/2017 12:41:36 PM,QQ171103_CSF_3_02,,60.89,y7,756.862894,1823,0.0044,4503,0.0039,760.869993,413896,#N/A,1158351,#N/A
P04925_PRIO_MOUSE,,,VVEQMCVTQYQK,VVEQMC[+57]VTQYQK,QQ171103_CSF_4_02.raw,11/3/2017 2:25:19 PM,QQ171103_CSF_4_02,,62.19,y7,756.862894,1431,0.0017,4024,0.0017,760.869993,858712,#N/A,2330536,#N/A
P04925_PRIO_MOUSE,,,VVEQMCVTQYQK,VVEQMC[+57]VTQYQK,QQ171103_CSF_1_02.raw,11/3/2017 9:13:16 AM,QQ171103_CSF_1_02,,60.89,y5,756.862894,353996,0.9534,841035,0.9353,760.869993,371313,#N/A,899260,#N/A
P04925_PRIO_MOUSE,,,VVEQMCVTQYQK,VVEQMC[+57]VTQYQK,QQ171103_CSF_2_02.raw,11/3/2017 10:57:53 AM,QQ171103_CSF_2_02,,61.99,y5,756.862894,69412,0.0706,181953,0.073,760.869993,982825,#N/A,2491667,#N/A
P04925_PRIO_MOUSE,,,VVEQMCVTQYQK,VVEQMC[+57]VTQYQK,QQ171103_CSF_3_02.raw,11/3/2017 12:41:36 PM,QQ171103_CSF_3_02,,60.89,y5,756.862894,1771,0.0036,4503,0.0039,760.869993,492632,#N/A,1158351,#N/A
P04925_PRIO_MOUSE,,,VVEQMCVTQYQK,VVEQMC[+57]VTQYQK,QQ171103_CSF_4_02.raw,11/3/2017 2:25:19 PM,QQ171103_CSF_4_02,,62.19,y5,756.862894,1786,0.0018,4024,0.0017,760.869993,966630,#N/A,2330536,#N/A
P04925_PRIO_MOUSE,,,VVEQMCVTQYQK,VVEQM[+16]C[+57]VTQYQK,QQ171103_CSF_1_02.raw,11/3/2017 9:13:16 AM,QQ171103_CSF_1_02,,54.83,y8,764.860351,23285,1.0917,173392,1.0155,768.867451,21328,#N/A,170749,#N/A
P04925_PRIO_MOUSE,,,VVEQMCVTQYQK,VVEQM[+16]C[+57]VTQYQK,QQ171103_CSF_2_02.raw,11/3/2017 10:57:53 AM,QQ171103_CSF_2_02,,55.63,y8,764.860351,4446,0.0968,24248,0.0849,768.867451,45910,#N/A,285635,#N/A
P04925_PRIO_MOUSE,,,VVEQMCVTQYQK,VVEQM[+16]C[+57]VTQYQK,QQ171103_CSF_3_02.raw,11/3/2017 12:41:36 PM,QQ171103_CSF_3_02,,54.6,y8,764.860351,48,0.0047,324,0.0034,768.867451,10152,#N/A,94118,#N/A
P04925_PRIO_MOUSE,,,VVEQMCVTQYQK,VVEQM[+16]C[+57]VTQYQK,QQ171103_CSF_4_02.raw,11/3/2017 2:25:19 PM,QQ171103_CSF_4_02,,56.03,y8,764.860351,0,0,326,0.0017,768.867451,30169,#N/A,195881,#N/A
P04925_PRIO_MOUSE,,,VVEQMCVTQYQK,VVEQM[+16]C[+57]VTQYQK,QQ171103_CSF_1_02.raw,11/3/2017 9:13:16 AM,QQ171103_CSF_1_02,,54.83,y7,764.860351,46336,0.959,173392,1.0155,768.867451,48315,#N/A,170749,#N/A
P04925_PRIO_MOUSE,,,VVEQMCVTQYQK,VVEQM[+16]C[+57]VTQYQK,QQ171103_CSF_2_02.raw,11/3/2017 10:57:53 AM,QQ171103_CSF_2_02,,55.63,y7,764.860351,5664,0.0749,24248,0.0849,768.867451,75626,#N/A,285635,#N/A
P04925_PRIO_MOUSE,,,VVEQMCVTQYQK,VVEQM[+16]C[+57]VTQYQK,QQ171103_CSF_3_02.raw,11/3/2017 12:41:36 PM,QQ171103_CSF_3_02,,54.6,y7,764.860351,98,0.004,324,0.0034,768.867451,24480,#N/A,94118,#N/A
P04925_PRIO_MOUSE,,,VVEQMCVTQYQK,VVEQM[+16]C[+57]VTQYQK,QQ171103_CSF_4_02.raw,11/3/2017 2:25:19 PM,QQ171103_CSF_4_02,,56.03,y7,764.860351,16,0.0003,326,0.0017,768.867451,51219,#N/A,195881,#N/A
P04925_PRIO_MOUSE,,,VVEQMCVTQYQK,VVEQM[+16]C[+57]VTQYQK,QQ171103_CSF_1_02.raw,11/3/2017 9:13:16 AM,QQ171103_CSF_1_02,,54.83,y5,764.860351,103772,1.0264,173392,1.0155,768.867451,101105,#N/A,170749,#N/A
P04925_PRIO_MOUSE,,,VVEQMCVTQYQK,VVEQM[+16]C[+57]VTQYQK,QQ171103_CSF_2_02.raw,11/3/2017 10:57:53 AM,QQ171103_CSF_2_02,,55.63,y5,764.860351,14138,0.0862,24248,0.0849,768.867451,164099,#N/A,285635,#N/A
P04925_PRIO_MOUSE,,,VVEQMCVTQYQK,VVEQM[+16]C[+57]VTQYQK,QQ171103_CSF_3_02.raw,11/3/2017 12:41:36 PM,QQ171103_CSF_3_02,,54.6,y5,764.860351,178,0.003,324,0.0034,768.867451,59485,#N/A,94118,#N/A
P04925_PRIO_MOUSE,,,VVEQMCVTQYQK,VVEQM[+16]C[+57]VTQYQK,QQ171103_CSF_4_02.raw,11/3/2017 2:25:19 PM,QQ171103_CSF_4_02,,56.03,y5,764.860351,310,0.0027,326,0.0017,768.867451,114494,#N/A,195881,#N/A
sp|P67992|PRIO_MACFA,PRNP,Macaca fascicularis,VVEQMCITQYEK,VVEQMC[+57]ITQYEK,QQ171103_CSF_1_02.raw,11/3/2017 9:13:16 AM,QQ171103_CSF_1_02,,54.92,y8,764.362727,22,0.0141,4568,0.0735,768.369826,1583,#N/A,62158,#N/A
sp|P67992|PRIO_MACFA,PRNP,Macaca fascicularis,VVEQMCITQYEK,VVEQMC[+57]ITQYEK,QQ171103_CSF_2_02.raw,11/3/2017 10:57:53 AM,QQ171103_CSF_2_02,,55.73,y8,764.362727,0,0,284,0.0186,768.369826,2894,#N/A,15285,#N/A
sp|P67992|PRIO_MACFA,PRNP,Macaca fascicularis,VVEQMCITQYEK,VVEQMC[+57]ITQYEK,QQ171103_CSF_3_02.raw,11/3/2017 12:41:36 PM,QQ171103_CSF_3_02,,54.78,y8,764.362727,41,0.0743,2827,0.0444,768.369826,552,#N/A,63691,#N/A
sp|P67992|PRIO_MACFA,PRNP,Macaca fascicularis,VVEQMCITQYEK,VVEQMC[+57]ITQYEK,QQ171103_CSF_4_02.raw,11/3/2017 2:25:19 PM,QQ171103_CSF_4_02,,56.04,y8,764.362727,5,0.0087,416,0.0434,768.369826,557,#N/A,9590,#N/A
sp|P67992|PRIO_MACFA,PRNP,Macaca fascicularis,VVEQMCITQYEK,VVEQMC[+57]ITQYEK,QQ171103_CSF_1_02.raw,11/3/2017 9:13:16 AM,QQ171103_CSF_1_02,,54.92,y7,764.362727,632,0.0109,4568,0.0735,768.369826,57817,#N/A,62158,#N/A
sp|P67992|PRIO_MACFA,PRNP,Macaca fascicularis,VVEQMCITQYEK,VVEQMC[+57]ITQYEK,QQ171103_CSF_2_02.raw,11/3/2017 10:57:53 AM,QQ171103_CSF_2_02,,55.73,y7,764.362727,167,0.0138,284,0.0186,768.369826,12061,#N/A,15285,#N/A
sp|P67992|PRIO_MACFA,PRNP,Macaca fascicularis,VVEQMCITQYEK,VVEQMC[+57]ITQYEK,QQ171103_CSF_3_02.raw,11/3/2017 12:41:36 PM,QQ171103_CSF_3_02,,54.78,y7,764.362727,591,0.0097,2827,0.0444,768.369826,61011,#N/A,63691,#N/A
sp|P67992|PRIO_MACFA,PRNP,Macaca fascicularis,VVEQMCITQYEK,VVEQMC[+57]ITQYEK,QQ171103_CSF_4_02.raw,11/3/2017 2:25:19 PM,QQ171103_CSF_4_02,,56.04,y7,764.362727,0,0,416,0.0434,768.369826,8547,#N/A,9590,#N/A
sp|P67992|PRIO_MACFA,PRNP,Macaca fascicularis,VVEQMCITQYEK,VVEQMC[+57]ITQYEK,QQ171103_CSF_1_02.raw,11/3/2017 9:13:16 AM,QQ171103_CSF_1_02,,54.92,y5,764.362727,3914,1.4185,4568,0.0735,768.369826,2759,#N/A,62158,#N/A
sp|P67992|PRIO_MACFA,PRNP,Macaca fascicularis,VVEQMCITQYEK,VVEQMC[+57]ITQYEK,QQ171103_CSF_2_02.raw,11/3/2017 10:57:53 AM,QQ171103_CSF_2_02,,55.73,y5,764.362727,118,0.356,284,0.0186,768.369826,330,#N/A,15285,#N/A
sp|P67992|PRIO_MACFA,PRNP,Macaca fascicularis,VVEQMCITQYEK,VVEQMC[+57]ITQYEK,QQ171103_CSF_3_02.raw,11/3/2017 12:41:36 PM,QQ171103_CSF_3_02,,54.78,y5,764.362727,2195,1.0315,2827,0.0444,768.369826,2128,#N/A,63691,#N/A
sp|P67992|PRIO_MACFA,PRNP,Macaca fascicularis,VVEQMCITQYEK,VVEQMC[+57]ITQYEK,QQ171103_CSF_4_02.raw,11/3/2017 2:25:19 PM,QQ171103_CSF_4_02,,56.04,y5,764.362727,412,0.8483,416,0.0434,768.369826,485,#N/A,9590,#N/A
sp|P67992|PRIO_MACFA,PRNP,Macaca fascicularis,VVEQMCITQYEK,VVEQM[+16]C[+57]ITQYEK,QQ171103_CSF_1_02.raw,11/3/2017 9:13:16 AM,QQ171103_CSF_1_02,,55.44,y8,772.360184,42,34.0648,2111,0.0111,776.367284,1,#N/A,189954,#N/A
sp|P67992|PRIO_MACFA,PRNP,Macaca fascicularis,VVEQMCITQYEK,VVEQM[+16]C[+57]ITQYEK,QQ171103_CSF_2_02.raw,11/3/2017 10:57:53 AM,QQ171103_CSF_2_02,,39.21,y8,772.360184,0,NaN,1980,3.3985,776.367284,0,#N/A,583,#N/A
sp|P67992|PRIO_MACFA,PRNP,Macaca fascicularis,VVEQMCITQYEK,VVEQM[+16]C[+57]ITQYEK,QQ171103_CSF_3_02.raw,11/3/2017 12:41:36 PM,QQ171103_CSF_3_02,,55.37,y8,772.360184,132,5.0148,412,0.0017,776.367284,26,#N/A,243728,#N/A
sp|P67992|PRIO_MACFA,PRNP,Macaca fascicularis,VVEQMCITQYEK,VVEQM[+16]C[+57]ITQYEK,QQ171103_CSF_4_02.raw,11/3/2017 2:25:19 PM,QQ171103_CSF_4_02,,56.56,y8,772.360184,0,0,13,0.0004,776.367284,0,#N/A,32526,#N/A
sp|P67992|PRIO_MACFA,PRNP,Macaca fascicularis,VVEQMCITQYEK,VVEQM[+16]C[+57]ITQYEK,QQ171103_CSF_1_02.raw,11/3/2017 9:13:16 AM,QQ171103_CSF_1_02,,55.44,y7,772.360184,105,0.0006,2111,0.0111,776.367284,184069,#N/A,189954,#N/A
sp|P67992|PRIO_MACFA,PRNP,Macaca fascicularis,VVEQMCITQYEK,VVEQM[+16]C[+57]ITQYEK,QQ171103_CSF_2_02.raw,11/3/2017 10:57:53 AM,QQ171103_CSF_2_02,,39.21,y7,772.360184,0,NaN,1980,3.3985,776.367284,0,#N/A,583,#N/A
sp|P67992|PRIO_MACFA,PRNP,Macaca fascicularis,VVEQMCITQYEK,VVEQM[+16]C[+57]ITQYEK,QQ171103_CSF_3_02.raw,11/3/2017 12:41:36 PM,QQ171103_CSF_3_02,,55.37,y7,772.360184,35,0.0001,412,0.0017,776.367284,232917,#N/A,243728,#N/A
sp|P67992|PRIO_MACFA,PRNP,Macaca fascicularis,VVEQMCITQYEK,VVEQM[+16]C[+57]ITQYEK,QQ171103_CSF_4_02.raw,11/3/2017 2:25:19 PM,QQ171103_CSF_4_02,,56.56,y7,772.360184,0,0,13,0.0004,776.367284,31326,#N/A,32526,#N/A
sp|P67992|PRIO_MACFA,PRNP,Macaca fascicularis,VVEQMCITQYEK,VVEQM[+16]C[+57]ITQYEK,QQ171103_CSF_1_02.raw,11/3/2017 9:13:16 AM,QQ171103_CSF_1_02,,55.44,y5,772.360184,1963,0.3337,2111,0.0111,776.367284,5884,#N/A,189954,#N/A
sp|P67992|PRIO_MACFA,PRNP,Macaca fascicularis,VVEQMCITQYEK,VVEQM[+16]C[+57]ITQYEK,QQ171103_CSF_2_02.raw,11/3/2017 10:57:53 AM,QQ171103_CSF_2_02,,39.21,y5,772.360184,1980,3.3985,1980,3.3985,776.367284,583,#N/A,583,#N/A
sp|P67992|PRIO_MACFA,PRNP,Macaca fascicularis,VVEQMCITQYEK,VVEQM[+16]C[+57]ITQYEK,QQ171103_CSF_3_02.raw,11/3/2017 12:41:36 PM,QQ171103_CSF_3_02,,55.37,y5,772.360184,246,0.0228,412,0.0017,776.367284,10785,#N/A,243728,#N/A
sp|P67992|PRIO_MACFA,PRNP,Macaca fascicularis,VVEQMCITQYEK,VVEQM[+16]C[+57]ITQYEK,QQ171103_CSF_4_02.raw,11/3/2017 2:25:19 PM,QQ171103_CSF_4_02,,56.56,y5,772.360184,13,0.0108,13,0.0004,776.367284,1200,#N/A,32526,#N/A
