Peptide Modified Sequence	Gene Name	Protein Name	Precursor Charge	Fragment Ion	Product Charge	Precursor Mz          [Light]	Precursor Mz       [Heavy]	Precursor Mz       [15N]	Product Mz       [Light]	Product Mz     [Heavy]	Product Mz      [15N]	Best Fragment Ion
PIIHFGSDYEDR	PRNP	Prion Human	3	b4	1	483.57	486.90	489.21	461.29	461.29	467.27	
PIIHFGSDYEDR	PRNP	Prion Human	3	y9	2	483.57	486.90	489.21	563.23	568.24	570.21	
PIIHFGSDYEDR	PRNP	Prion Human	3	y4	1	483.57	486.90	489.21	582.25	592.26	589.23	y4
PIIHFGSDYEDR	PRNP	Prion Human	3	y7	1	483.57	486.90	489.21	841.33	851.34	851.30	
RPKPGGWNTGGSR	PRNP	Prion Human	3	y4	1	457.24	460.58	464.55	376.19	386.20	383.17	y4
RPKPGGWNTGGSR	PRNP	Prion Human	3	y5	1	457.24	460.58	464.55	477.24	487.25	485.22	
RPKPGGWNTGGSR	PRNP	Prion Human	3	y6	1	457.24	460.58	464.55	591.28	601.29	601.25	
YPGQGSPGGNR	PRNP	Prion Human	2	y5	1	545.26	550.26	553.23	500.26	510.27	509.23	y5
YPGQGSPGGNR	PRNP	Prion Human	2	y7	1	545.26	550.26	553.23	644.31	654.32	655.28	
YPGQGSPGGNR	PRNP	Prion Human	2	y9	1	545.26	550.26	553.23	829.39	839.40	843.35	
GENFTETDVK	PRNP	Prion Human	2	y4	1	570.26	574.27	576.25	462.26	470.27	467.24	
GENFTETDVK	PRNP	Prion Human	2	y5	1	570.26	574.27	576.25	591.30	599.31	597.28	
GENFTETDVK	PRNP	Prion Human	2	y6	1	570.26	574.27	576.25	692.35	700.36	699.33	
GENFTETDVK	PRNP	Prion Human	2	y7	1	570.26	574.27	576.25	839.41	847.43	847.39	
VVEQMC[+57.0]ITQYER	PRNP	Prion Human	2	y5	1	778.37	783.37	786.84	696.33	706.34	705.30	y5
VVEQMC[+57.0]ITQYER	PRNP	Prion Human	2	y7	1	778.37	783.37	786.84	969.45	979.45	980.41	
VVEQMC[+57.0]ITQYER	PRNP	Prion Human	2	y8	1	778.37	783.37	786.84	1100.49	1110.49	1112.45	
VVEQM[+16.0]C[+57.0]ITQYER	PRNP	Prion Human	2	y5	1	786.36	791.37	794.84	696.33	706.34	705.30	y5
VVEQM[+16.0]C[+57.0]ITQYER	PRNP	Prion Human	2	y7	1	786.36	791.37	794.84	969.45	979.45	980.41	
VVEQM[+16.0]C[+57.0]ITQYER	PRNP	Prion Human	2	y8	1	786.36	791.37	794.84	1116.48	1126.49	1128.45	
ESQAYYQR	PRNP	Prion Human	2	y3	1	522.74	527.75	529.22	466.24	476.25	473.22	y3
ESQAYYQR	PRNP	Prion Human	2	y4	1	522.74	527.75	529.22	629.30	639.31	637.28	
ESQAYYQR	PRNP	Prion Human	2	y5	1	522.74	527.75	529.22	700.34	710.35	709.31	
VVEQMC[+57.0]VTQYQK	PRNP	Prion Mouse	2	y5	1	756.86	760.87	n/a	667.34	675.36	n/a	y5
VVEQMC[+57.0]VTQYQK	PRNP	Prion Mouse	2	y7	1	756.86	760.87	n/a	926.44	934.45	n/a	
VVEQMC[+57.0]VTQYQK	PRNP	Prion Mouse	2	y8	1	756.86	760.87	n/a	1057.48	1065.49	n/a	
VVEQM[+16.0]C[+57.0]VTQYQK	PRNP	Prion Mouse	2	y5	1	764.86	768.87	n/a	667.34	675.36	n/a	y5
VVEQM[+16.0]C[+57.0]VTQYQK	PRNP	Prion Mouse	2	y7	1	764.86	768.87	n/a	926.44	934.45	n/a	
VVEQM[+16.0]C[+57.0]VTQYQK	PRNP	Prion Mouse	2	y8	1	764.86	768.87	n/a	1073.48	1081.49	n/a	
ESQAYYDGR	PRNP	Prion Mouse	2	y4	1	544.74	549.74	n/a	510.23	520.24	n/a	y4
ESQAYYDGR	PRNP	Prion Mouse	2	y5	1	544.74	549.74	n/a	673.29	683.30	n/a	
ESQAYYDGR	PRNP	Prion Mouse	2	y6	1	544.74	549.74	n/a	744.33	754.34	n/a	
VVEQMC[+57.0]ITQYEK	PRNP	Prion Macaca	2	y5	1	764.36	768.37	n/a	668.32	676.34	n/a	y5
VVEQMC[+57.0]ITQYEK	PRNP	Prion Macaca	2	y7	1	764.36	768.37	n/a	941.44	949.45	n/a	
VVEQMC[+57.0]ITQYEK	PRNP	Prion Macaca	2	y8	1	764.36	768.37	n/a	1072.48	1080.49	n/a	
VVEQM[+16.0]C[+57.0]ITQYEK	PRNP	Prion Macaca	2	y5	1	772.36	776.37	n/a	668.32	676.34	n/a	y5
VVEQM[+16.0]C[+57.0]ITQYEK	PRNP	Prion Macaca	2	y7	1	772.36	776.37	n/a	941.44	949.45	n/a	
VVEQM[+16.0]C[+57.0]ITQYEK	PRNP	Prion Macaca	2	y8	1	772.36	776.37	n/a	1088.48	1096.49	n/a	